{"cameraMode":{"drawMode":0,"name":"Shaded","section":"Shading Mode"},"sceneLighting":true,"audioPlay":false,"sceneViewState":{"showFog":true,"showMaterialUpdate":true,"showSkybox":true,"showFlares":true,"showImageEffects":true,"showParticleSystems":true},"in2DMode":false,"pivot":{"x":-1.7409007549285889,"y":2.276050567626953,"z":-3.923478126525879},"rotation":{"x":0.45884808897972109,"y":0.4003644287586212,"z":-0.24322153627872468,"w":0.7551140189170837},"size":5.7157673835754398,"orthographic":false}