{"cameraMode":{"drawMode":0,"name":"Shaded","section":"Shading Mode"},"sceneLighting":true,"audioPlay":false,"sceneViewState":{"showFog":true,"showMaterialUpdate":true,"showSkybox":true,"showFlares":true,"showImageEffects":true,"showParticleSystems":true},"in2DMode":false,"pivot":{"x":-24.466352462768556,"y":30.433456420898439,"z":-2.3524370193481447},"rotation":{"x":0.18686163425445558,"y":0.6429926753044128,"z":-0.16557589173316956,"w":0.7242010831832886},"size":13.207660675048829,"orthographic":false}