{"cameraMode":{"drawMode":0,"name":"Shaded","section":"Shading Mode"},"sceneLighting":true,"audioPlay":false,"sceneViewState":{"showFog":true,"showMaterialUpdate":true,"showSkybox":true,"showFlares":true,"showImageEffects":true,"showParticleSystems":true},"in2DMode":false,"pivot":{"x":10.403633117675782,"y":7.418511390686035,"z":1.288459300994873},"rotation":{"x":-0.26834017038345339,"y":0.24013137817382813,"z":-0.06926153600215912,"w":-0.9303432106971741},"size":37.924102783203128,"orthographic":false}