{"cameraMode":{"drawMode":0,"name":"Shaded","section":"Shading Mode"},"sceneLighting":true,"audioPlay":false,"sceneViewState":{"showFog":false,"showMaterialUpdate":false,"showSkybox":false,"showFlares":false,"showImageEffects":false,"showParticleSystems":false},"in2DMode":false,"pivot":{"x":212.15054321289063,"y":36.42369079589844,"z":71.92007446289063},"rotation":{"x":-0.007453467231243849,"y":0.10746795684099198,"z":-0.01322746928781271,"w":0.99571293592453},"size":71.7409896850586,"orthographic":false}