{"cameraMode":{"drawMode":0,"name":"Shaded","section":"Shading Mode"},"sceneLighting":true,"audioPlay":false,"sceneViewState":{"showFog":true,"showMaterialUpdate":true,"showSkybox":true,"showFlares":true,"showImageEffects":true,"showParticleSystems":true},"in2DMode":false,"pivot":{"x":17.853235244750978,"y":4.700559616088867,"z":-20.837860107421876},"rotation":{"x":0.08053992688655853,"y":0.8894714713096619,"z":-0.17236098647117616,"w":0.4156002104282379},"size":25.912996292114259,"orthographic":false}