{"cameraMode":{"drawMode":0,"name":"Shaded","section":"Shading Mode"},"sceneLighting":true,"audioPlay":false,"sceneViewState":{"showFog":true,"showMaterialUpdate":true,"showSkybox":true,"showFlares":true,"showImageEffects":true,"showParticleSystems":true},"in2DMode":false,"pivot":{"x":23.838497161865236,"y":54.780311584472659,"z":-31.843036651611329},"rotation":{"x":-0.317673921585083,"y":0.46411022543907168,"z":-0.18293744325637818,"w":-0.8064329028129578},"size":10.920249938964844,"orthographic":false}