{"cameraMode":{"drawMode":0,"name":"Shaded","section":"Shading Mode"},"sceneLighting":true,"audioPlay":false,"sceneViewState":{"showFog":true,"showMaterialUpdate":true,"showSkybox":true,"showFlares":true,"showImageEffects":true,"showParticleSystems":true},"in2DMode":false,"pivot":{"x":0.35690879821777346,"y":-26.9104061126709,"z":19.378721237182618},"rotation":{"x":-0.4460356533527374,"y":0.043733105063438418,"z":-0.02183433622121811,"w":-0.8937197327613831},"size":87.21324920654297,"orthographic":false}