{"cameraMode":{"drawMode":0,"name":"Shaded","section":"Shading Mode"},"sceneLighting":true,"audioPlay":false,"sceneViewState":{"showFog":true,"showMaterialUpdate":true,"showSkybox":true,"showFlares":true,"showImageEffects":true,"showParticleSystems":true},"in2DMode":false,"pivot":{"x":5.729386329650879,"y":16.604734420776368,"z":-3.7404584884643556},"rotation":{"x":0.1038520485162735,"y":-0.6599414944648743,"z":0.09295198321342468,"w":0.7383926510810852},"size":10.920249938964844,"orthographic":false}