{"cameraMode":{"drawMode":0,"name":"Shaded","section":"Shading Mode"},"sceneLighting":true,"audioPlay":false,"sceneViewState":{"showFog":true,"showMaterialUpdate":true,"showSkybox":true,"showFlares":true,"showImageEffects":true,"showParticleSystems":true},"in2DMode":false,"pivot":{"x":9.874777793884278,"y":12.206029891967774,"z":-0.2724592387676239},"rotation":{"x":0.09262990951538086,"y":0.7312436699867249,"z":-0.10131789743900299,"w":0.668221652507782},"size":36.42400360107422,"orthographic":false}