{"cameraMode":{"drawMode":0,"name":"Shaded","section":"Shading Mode"},"sceneLighting":true,"audioPlay":false,"sceneViewState":{"showFog":true,"showMaterialUpdate":true,"showSkybox":true,"showFlares":true,"showImageEffects":true,"showParticleSystems":true},"in2DMode":false,"pivot":{"x":1.2855011224746705,"y":20.6024112701416,"z":-13.752960205078125},"rotation":{"x":-0.1292290836572647,"y":0.01665581576526165,"z":-0.0021707734558731319,"w":-0.9914751648902893},"size":38.630428314208987,"orthographic":false}