{"cameraMode":{"drawMode":0,"name":"Shaded","section":"Shading Mode"},"sceneLighting":true,"audioPlay":false,"sceneViewState":{"showFog":true,"showMaterialUpdate":true,"showSkybox":true,"showFlares":true,"showImageEffects":true,"showParticleSystems":true},"in2DMode":false,"pivot":{"x":9.995384216308594,"y":14.492324829101563,"z":-1.7977465391159058},"rotation":{"x":0.11882512271404267,"y":-0.4140433371067047,"z":0.05451981723308563,"w":0.9008622169494629},"size":6.539466381072998,"orthographic":false}