{"cameraMode":{"drawMode":0,"name":"Shaded","section":"Shading Mode"},"sceneLighting":true,"audioPlay":false,"sceneViewState":{"showFog":true,"showMaterialUpdate":true,"showSkybox":true,"showFlares":true,"showImageEffects":true,"showParticleSystems":true},"in2DMode":false,"pivot":{"x":19.886667251586915,"y":34.668212890625,"z":-72.1995849609375},"rotation":{"x":0.16374050080776215,"y":-0.05297331139445305,"z":0.008737055584788323,"w":0.9851239919662476},"size":5.7157673835754398,"orthographic":false}