{"cameraMode":{"drawMode":0,"name":"Shaded","section":"Shading Mode"},"sceneLighting":true,"audioPlay":false,"sceneViewState":{"showFog":false,"showMaterialUpdate":false,"showSkybox":false,"showFlares":false,"showImageEffects":false,"showParticleSystems":false},"in2DMode":false,"pivot":{"x":32.36477279663086,"y":-41.54109573364258,"z":-31.532581329345704},"rotation":{"x":0.14167512953281403,"y":0.8580567240715027,"z":-0.3365563452243805,"w":0.3611520528793335},"size":71.7409896850586,"orthographic":false}