{"cameraMode":{"drawMode":0,"name":"Shaded","section":"Shading Mode"},"sceneLighting":true,"audioPlay":false,"sceneViewState":{"showFog":true,"showMaterialUpdate":true,"showSkybox":true,"showFlares":true,"showImageEffects":true,"showParticleSystems":true},"in2DMode":false,"pivot":{"x":23.377758026123048,"y":-1.616419792175293,"z":9.794872283935547},"rotation":{"x":-0.6357837319374085,"y":-0.120794378221035,"z":0.7555970549583435,"w":-0.10237571597099304},"size":5.286479473114014,"orthographic":false}