{"cameraMode":{"drawMode":0,"name":"Shaded","section":"Shading Mode"},"sceneLighting":true,"audioPlay":false,"sceneViewState":{"showFog":true,"showMaterialUpdate":true,"showSkybox":true,"showFlares":true,"showImageEffects":true,"showParticleSystems":true},"in2DMode":false,"pivot":{"x":-28.375669479370118,"y":-14.528484344482422,"z":22.102134704589845},"rotation":{"x":-0.3858969211578369,"y":0.3936944603919983,"z":-0.18685083091259004,"w":-0.8131490349769592},"size":60.70195388793945,"orthographic":false}