{"cameraMode":{"drawMode":0,"name":"Shaded","section":"Shading Mode"},"sceneLighting":true,"audioPlay":false,"sceneViewState":{"showFog":true,"showMaterialUpdate":true,"showSkybox":true,"showFlares":true,"showImageEffects":true,"showParticleSystems":true},"in2DMode":false,"pivot":{"x":45.40018844604492,"y":-10.333396911621094,"z":16.763582229614259},"rotation":{"x":0.18478134274482728,"y":0.4831511080265045,"z":-0.10508731752634049,"w":0.8493582606315613},"size":60.70195388793945,"orthographic":false}