{"cameraMode":{"drawMode":0,"name":"Shaded","section":"Shading Mode"},"sceneLighting":true,"audioPlay":false,"sceneViewState":{"showFog":true,"showMaterialUpdate":true,"showSkybox":true,"showFlares":true,"showImageEffects":true,"showParticleSystems":true},"in2DMode":false,"pivot":{"x":-34.750606536865237,"y":44.85886001586914,"z":18.70808219909668},"rotation":{"x":0.23980829119682313,"y":0.3761988878250122,"z":-0.10148491710424423,"w":0.8892963528633118},"size":5.203553676605225,"orthographic":false}