{"cameraMode":{"drawMode":0,"name":"Shaded","section":"Shading Mode"},"sceneLighting":true,"audioPlay":false,"sceneViewState":{"showFog":true,"showMaterialUpdate":true,"showSkybox":true,"showFlares":true,"showImageEffects":true,"showParticleSystems":true},"in2DMode":false,"pivot":{"x":0.36931806802749636,"y":-15.529634475708008,"z":1.8119049072265626},"rotation":{"x":-0.002032367279753089,"y":0.8460021018981934,"z":0.0036796159110963346,"w":0.5333660244941711},"size":7.447061061859131,"orthographic":false}