{"cameraMode":{"drawMode":0,"name":"Shaded","section":"Shading Mode"},"sceneLighting":true,"audioPlay":false,"sceneViewState":{"showFog":false,"showMaterialUpdate":false,"showSkybox":false,"showFlares":false,"showImageEffects":false,"showParticleSystems":false},"in2DMode":false,"pivot":{"x":-2.02412486076355,"y":-5.395473480224609,"z":-49.78928756713867},"rotation":{"x":-0.004333833232522011,"y":0.9833758473396301,"z":-0.18016314506530763,"w":-0.023910192772746087},"size":74.9693374633789,"orthographic":false}