{"cameraMode":{"drawMode":0,"name":"Shaded","section":"Shading Mode"},"sceneLighting":true,"audioPlay":false,"sceneViewState":{"showFog":true,"showMaterialUpdate":true,"showSkybox":true,"showFlares":true,"showImageEffects":true,"showParticleSystems":true},"in2DMode":false,"pivot":{"x":45.47377014160156,"y":2.445958137512207,"z":32.45706558227539},"rotation":{"x":-0.09678877145051956,"y":-0.427633672952652,"z":0.046101268380880359,"w":-0.8976069688796997},"size":56.82957458496094,"orthographic":false}