{"cameraMode":{"drawMode":0,"name":"Shaded","section":"Shading Mode"},"sceneLighting":true,"audioPlay":false,"sceneViewState":{"showFog":true,"showMaterialUpdate":true,"showSkybox":true,"showFlares":true,"showImageEffects":true,"showParticleSystems":true},"in2DMode":false,"pivot":{"x":-53.82167053222656,"y":-22.32606315612793,"z":289.90008544921877},"rotation":{"x":-0.08535443991422653,"y":0.03497917577624321,"z":-0.0029111814219504596,"w":-0.9957937002182007},"size":388.6558837890625,"orthographic":false}