{"cameraMode":{"drawMode":0,"name":"Shaded","section":"Shading Mode"},"sceneLighting":true,"audioPlay":false,"sceneViewState":{"showFog":true,"showMaterialUpdate":true,"showSkybox":true,"showFlares":true,"showImageEffects":true,"showParticleSystems":true},"in2DMode":false,"pivot":{"x":-0.9621555805206299,"y":0.9938564300537109,"z":0.9383511543273926},"rotation":{"x":0.08959166705608368,"y":0.2500077784061432,"z":-0.02332627959549427,"w":0.9638916254043579},"size":5.7157673835754398,"orthographic":false}