{"cameraMode":{"drawMode":0,"name":"Shaded","section":"Shading Mode"},"sceneLighting":true,"audioPlay":false,"sceneViewState":{"showFog":true,"showMaterialUpdate":true,"showSkybox":true,"showFlares":true,"showImageEffects":true,"showParticleSystems":true},"in2DMode":false,"pivot":{"x":-21.642263412475587,"y":-1.0322456359863282,"z":19.49753189086914},"rotation":{"x":-0.22041434049606324,"y":0.3819922208786011,"z":-0.09433513879776001,"w":-0.8925337791442871},"size":38.630428314208987,"orthographic":false}