{"cameraMode":{"drawMode":0,"name":"Shaded","section":"Shading Mode"},"sceneLighting":true,"audioPlay":false,"sceneViewState":{"showFog":true,"showMaterialUpdate":true,"showSkybox":true,"showFlares":true,"showImageEffects":true,"showParticleSystems":true},"in2DMode":false,"pivot":{"x":0.2058413326740265,"y":2.7144455909729006,"z":3.5320730209350588},"rotation":{"x":0.4070597290992737,"y":-0.042996253818273547,"z":0.019199976697564126,"w":0.9122359156608582},"size":28.440231323242189,"orthographic":false}