{"cameraMode":{"drawMode":0,"name":"Shaded","section":"Shading Mode"},"sceneLighting":true,"audioPlay":false,"sceneViewState":{"showFog":true,"showMaterialUpdate":true,"showSkybox":true,"showFlares":true,"showImageEffects":true,"showParticleSystems":true},"in2DMode":false,"pivot":{"x":6.000898361206055,"y":3.164947748184204,"z":-9.807172775268555},"rotation":{"x":0.1438688039779663,"y":0.6610369682312012,"z":-0.1311253160238266,"w":0.7247477769851685},"size":74.9693374633789,"orthographic":false}