{"cameraMode":{"drawMode":0,"name":"Shaded","section":"Shading Mode"},"sceneLighting":true,"audioPlay":false,"sceneViewState":{"showFog":true,"showMaterialUpdate":false,"showSkybox":true,"showFlares":true,"showImageEffects":true,"showParticleSystems":true},"in2DMode":false,"pivot":{"x":10.442329406738282,"y":3.742866277694702,"z":0.3864936828613281},"rotation":{"x":-0.002087242202833295,"y":-0.11763858795166016,"z":0.0003059926093555987,"w":-0.9931318759918213},"size":22.0,"orthographic":false}