{"cameraMode":{"drawMode":0,"name":"Shaded","section":"Shading Mode"},"sceneLighting":true,"audioPlay":false,"sceneViewState":{"showFog":true,"showMaterialUpdate":false,"showSkybox":true,"showFlares":true,"showImageEffects":true,"showParticleSystems":true},"in2DMode":false,"pivot":{"x":10.276605606079102,"y":12.13111686706543,"z":-6.3270649909973148},"rotation":{"x":-0.617003321647644,"y":-0.019574210047721864,"z":0.01539621315896511,"w":-0.78667151927948},"size":17.89874267578125,"orthographic":false}